source,target,value
cat_2,o298,1
cat_7,o85,1
cat_5,o704,1
cat_7,o97,3
cat_5,o609,1
cat_5,o383,3
cat_25,o358,1
cat_18,o883,1
cat_21,o451,2
cat_7,o45,2
cat_19,o407,1
cat_13,o86,1
cat_18,o43,3
cat_26,o8,98
cat_21,o165,2
cat_28,o520,1
cat_4,o336,2
cat_15,o137,1
cat_5,o15,1
cat_4,o407,1
cat_25,o392,1
cat_2,o61,3
cat_17,o753,1
cat_2,o373,2
cat_13,o16,3
cat_5,o180,1
cat_22,o91,1
cat_5,o826,1
cat_15,o161,2
cat_19,o69,1
cat_26,o166,1
cat_10,o46,10
cat_4,o347,1
cat_7,o307,4
cat_21,o862,1
cat_2,o911,1
cat_5,o619,1
cat_7,o625,1
cat_4,o69,6
cat_25,o872,1
cat_4,o834,1
cat_10,o269,2
cat_1,o320,2
cat_2,o283,1
cat_20,o40,1
cat_4,o403,1
cat_2,o17,60
cat_6,o100,1
cat_22,o558,2
cat_7,o237,2
cat_5,o752,1
cat_5,o344,1
cat_28,o711,1
cat_16,o65,3
cat_17,o893,1
cat_28,o61,1
cat_5,o53,1
cat_5,o1,8
cat_15,o254,6
cat_10,o314,5
cat_4,o708,1
cat_7,o519,2
cat_16,o339,2
cat_10,o107,1
cat_16,o237,5
cat_2,o362,1
cat_19,o409,1
cat_2,o597,1
cat_18,o119,1
cat_21,o239,4
cat_7,o65,3
cat_16,o265,6
cat_18,o240,1
cat_12,o128,1
cat_18,o10,38
cat_7,o81,2
cat_28,o133,2
cat_25,o135,1
cat_28,o660,1
cat_17,o13,53
cat_25,o137,2
cat_15,o469,2
cat_27,o22,3
cat_2,o127,2
cat_2,o49,1
cat_4,o267,1
cat_1,o369,1
cat_13,o776,1
cat_10,o121,1
cat_1,o360,2
cat_2,o156,3
cat_10,o173,1
cat_14,o554,1
cat_1,o421,2
cat_15,o98,1
cat_18,o492,1
cat_7,o142,1
cat_7,o250,1
cat_28,o287,1
cat_27,o289,6
cat_7,o22,1
cat_15,o144,1
cat_21,o16,1
cat_4,o159,3
cat_2,o52,2
cat_4,o881,1
cat_2,o26,6
cat_5,o566,1
cat_2,o51,2
cat_25,o161,1
cat_4,o24,44
cat_4,o461,1
cat_4,o751,1
cat_7,o470,2
cat_1,o96,2
cat_17,o186,1
cat_19,o312,3
cat_28,o127,1
cat_28,o49,2
cat_5,o628,2
cat_5,o90,1
cat_16,o38,1
cat_18,o216,3
cat_26,o666,1
cat_7,o435,1
cat_6,o29,1
cat_18,o598,2
cat_20,o68,1
cat_8,o72,1
cat_17,o129,1
cat_7,o242,1
cat_2,o287,2
cat_25,o84,4
cat_7,o57,2
cat_10,o316,2
cat_17,o231,1
cat_12,o167,1
cat_21,o653,1
cat_4,o302,1
cat_4,o706,1
cat_4,o856,1
cat_25,o174,9
cat_4,o253,1
cat_7,o38,4
cat_28,o26,1
cat_7,o378,1
cat_22,o279,1
cat_3,o64,1
cat_2,o168,1
cat_16,o319,1
cat_22,o388,1
cat_4,o588,2
cat_4,o268,1
cat_2,o93,7
cat_21,o680,1
cat_4,o405,1
cat_2,o121,4
cat_7,o428,1
cat_7,o379,2
cat_28,o364,1
cat_2,o297,5
cat_7,o79,8
cat_18,o315,2
cat_25,o664,1
cat_15,o35,1
cat_10,o188,4
cat_4,o246,2
cat_26,o5,1
cat_25,o208,1
cat_24,o97,1
cat_4,o348,2
cat_15,o104,1
cat_27,o79,1
cat_2,o47,2
cat_22,o184,1
cat_28,o316,1
cat_25,o673,1
cat_7,o7,105
cat_18,o163,1
cat_7,o286,1
cat_4,o209,1
cat_7,o186,1
cat_15,o73,2
cat_4,o192,3
cat_4,o549,2
cat_24,o584,2
cat_4,o212,8
cat_25,o276,1
cat_1,o83,3
cat_5,o268,1
cat_2,o904,1
cat_28,o173,2
cat_19,o534,1
cat_27,o50,24
cat_9,o473,1
cat_25,o42,4
cat_3,o183,1
cat_7,o231,1
cat_18,o123,1
cat_26,o41,6
cat_1,o68,1
cat_7,o37,24
cat_5,o312,1
cat_25,o447,1
cat_7,o95,1
cat_15,o128,1
cat_22,o566,1
cat_13,o101,1
cat_13,o244,3
cat_7,o564,1
cat_6,o518,2
cat_10,o195,2
cat_21,o78,4
cat_1,o303,1
cat_13,o63,1
cat_24,o250,1
cat_10,o61,1
cat_25,o35,2
cat_13,o64,2
cat_24,o22,1
cat_1,o41,1
cat_10,o441,1
cat_2,o657,1
cat_22,o1,14
cat_22,o53,1
cat_4,o180,1
cat_7,o187,1
cat_1,o322,1
cat_22,o162,5
cat_22,o581,2
cat_2,o31,13
cat_19,o608,2
cat_10,o603,2
cat_2,o190,2
cat_15,o317,1
cat_2,o285,2
cat_18,o852,1
cat_1,o146,11
cat_21,o12,2
cat_18,o599,1
cat_15,o356,1
cat_7,o810,1
cat_28,o107,1
cat_18,o33,2
cat_2,o46,3
cat_5,o430,2
cat_21,o858,1
cat_25,o104,1
cat_19,o370,2
cat_4,o472,1
cat_4,o70,6
cat_4,o710,1
cat_18,o21,2
cat_22,o58,1
cat_22,o70,1
cat_21,o101,2
cat_15,o689,1
cat_13,o78,2
cat_2,o733,1
cat_13,o422,1
cat_27,o284,3
cat_27,o191,1
cat_25,o73,1
cat_22,o15,1
cat_2,o479,3
cat_14,o802,1
cat_18,o151,2
cat_17,o440,2
cat_18,o213,2
cat_4,o344,1
cat_25,o729,1
cat_13,o508,1
cat_7,o531,1
cat_4,o1,10
cat_4,o53,5
cat_7,o890,1
cat_4,o162,2
cat_2,o87,3
cat_1,o5,3
cat_18,o44,3
cat_28,o46,3
cat_2,o107,1
cat_20,o616,1
cat_7,o154,1
cat_19,o1,9
cat_7,o484,3
cat_15,o368,2
cat_8,o293,2
cat_15,o111,1
cat_21,o613,1
cat_20,o230,1
cat_20,o81,2
cat_5,o113,1
cat_4,o3,11
cat_19,o846,1
cat_17,o9,2
cat_2,o29,2
cat_25,o509,2
cat_7,o433,2
cat_28,o334,1
cat_25,o21,3
cat_25,o33,1
cat_24,o18,3
cat_7,o686,1
cat_28,o446,1
cat_4,o64,2
cat_16,o40,1
cat_16,o5,1
cat_22,o78,1
cat_4,o624,1
cat_5,o594,2
cat_2,o199,2
cat_2,o548,1
cat_10,o515,1
cat_14,o87,1
cat_1,o154,1
cat_22,o109,14
cat_28,o491,1
cat_7,o40,5
cat_7,o5,8
cat_21,o739,1
cat_2,o158,1
cat_21,o816,1
cat_16,o218,1
cat_7,o41,1
cat_4,o698,1
cat_18,o128,1
cat_6,o138,10
cat_25,o193,3
cat_4,o422,1
cat_19,o505,3
cat_8,o196,1
cat_7,o264,1
cat_15,o123,1
cat_4,o78,1
cat_7,o126,9
cat_16,o41,1
cat_28,o398,1
cat_27,o41,1
cat_7,o218,1
cat_22,o64,1
cat_16,o452,2
cat_7,o341,5
cat_18,o152,11
cat_1,o494,1
cat_5,o551,1
cat_21,o669,1
cat_28,o548,1
cat_1,o260,2
cat_2,o736,1
cat_2,o204,2
cat_22,o3,5
cat_2,o62,1
cat_8,o66,10
cat_20,o45,2
cat_18,o73,2
cat_10,o233,5
cat_9,o33,1
cat_13,o1,71
cat_15,o509,1
cat_4,o12,20
cat_7,o83,2
cat_26,o606,2
cat_15,o345,2
cat_27,o68,1
cat_15,o33,2
cat_21,o15,2
cat_5,o451,1
cat_17,o102,1
cat_25,o163,1
cat_13,o405,2
cat_27,o303,1
cat_10,o425,1
cat_5,o74,13
cat_7,o30,37
cat_28,o787,1
cat_22,o101,6
cat_1,o37,1
cat_28,o275,1
cat_21,o619,1
cat_18,o902,1
cat_10,o179,2
cat_24,o9,1
cat_18,o445,1
cat_7,o464,1
cat_18,o713,1
cat_2,o251,2
cat_2,o559,1
cat_20,o828,1
cat_7,o222,8
cat_14,o117,1
cat_17,o18,3
cat_21,o180,1
cat_2,o262,1
cat_24,o577,1
cat_26,o67,6
cat_20,o349,1
cat_26,o372,1
cat_13,o184,1
cat_13,o374,1
cat_7,o546,1
cat_18,o368,1
cat_4,o139,3
cat_6,o197,9
cat_21,o1,5
cat_10,o76,2
cat_20,o22,4
cat_13,o192,1
cat_18,o54,1
cat_17,o82,1
cat_7,o122,2
cat_4,o221,1
cat_28,o4,30
cat_15,o193,1
cat_4,o244,1
cat_5,o112,2
cat_18,o276,1
cat_21,o58,1
cat_8,o536,1
cat_18,o677,1
cat_4,o382,1
cat_4,o101,1
cat_4,o63,5
cat_4,o511,1
cat_26,o217,2
cat_18,o42,1
cat_1,o60,21
cat_25,o228,7
cat_17,o572,1
cat_7,o148,3
cat_6,o34,29
cat_17,o375,1
cat_26,o241,4
cat_15,o219,1
cat_4,o618,1
cat_4,o593,1
cat_16,o122,2
cat_7,o396,1
cat_28,o136,3
cat_7,o166,1
cat_7,o258,2
cat_18,o161,3
cat_10,o100,12
cat_15,o305,1
cat_20,o129,1
cat_17,o30,1
cat_27,o153,1
cat_2,o477,1
cat_10,o496,1
cat_12,o315,1
cat_2,o147,6
cat_17,o68,1
cat_18,o135,1
cat_7,o94,2
cat_13,o461,1
cat_2,o602,1
cat_15,o43,11
cat_4,o820,1
cat_7,o153,5
cat_5,o12,2
cat_7,o740,1
cat_17,o291,3
cat_19,o239,2
cat_15,o655,1
cat_2,o136,3
cat_27,o884,1
cat_4,o870,1
cat_20,o683,1
cat_7,o229,1
cat_18,o84,2
cat_7,o503,1
cat_4,o112,1
cat_5,o101,1
cat_2,o76,1
cat_5,o382,1
cat_24,o545,1
cat_7,o510,3
cat_18,o32,8
cat_24,o623,1
cat_7,o103,3
cat_15,o292,4
cat_1,o142,1
cat_27,o274,1
cat_25,o149,1
cat_14,o52,2
cat_5,o77,13
cat_19,o271,2
cat_6,o46,1
cat_10,o108,1
cat_7,o353,1
cat_4,o271,1
cat_25,o305,2
cat_4,o652,1
cat_7,o9,13
cat_15,o181,1
cat_4,o376,2
cat_10,o29,1
cat_12,o21,6
cat_26,o22,1
cat_4,o16,3
cat_4,o436,1
cat_12,o808,1
cat_28,o645,1
cat_25,o462,1
cat_17,o278,1
cat_21,o48,20
cat_6,o72,7
cat_4,o88,1
cat_2,o311,1
cat_14,o143,3
cat_4,o86,4
cat_15,o318,1
cat_10,o171,2
cat_21,o388,1
cat_4,o843,1
cat_13,o69,2
cat_5,o457,1
cat_18,o226,1
cat_18,o469,1
cat_5,o788,1
cat_17,o5,3
cat_17,o40,1
cat_14,o362,2
cat_2,o200,8
cat_2,o583,2
cat_10,o398,1
cat_4,o183,1
cat_4,o797,1
cat_4,o224,2
cat_2,o232,2
cat_21,o256,3
cat_10,o220,1
cat_5,o756,1
cat_25,o235,3
cat_21,o227,5
cat_10,o446,1
cat_4,o298,1
cat_10,o334,2
cat_22,o113,5
cat_4,o309,1
cat_7,o134,3
cat_7,o413,1
cat_17,o322,1
cat_4,o888,1
cat_7,o476,3
cat_25,o119,1
cat_21,o644,1
cat_4,o634,1
cat_10,o75,1
cat_12,o213,1
cat_2,o196,1
cat_5,o78,2
cat_1,o203,1
cat_2,o205,8
cat_22,o874,1
cat_15,o885,1
cat_22,o16,4
cat_12,o219,1
cat_12,o614,1
cat_28,o232,1
cat_13,o65,6
cat_14,o836,1
cat_13,o813,1
cat_25,o168,1
cat_22,o878,1
cat_1,o709,1
cat_9,o118,13
cat_18,o76,1
cat_25,o195,2
cat_5,o595,1
cat_22,o730,1
cat_19,o71,17
cat_2,o115,6
cat_5,o851,1
cat_10,o167,1
cat_22,o9,3
cat_28,o453,1
cat_5,o116,1
cat_4,o633,2
cat_5,o547,1
cat_5,o323,1
cat_2,o85,6
cat_17,o422,1
cat_21,o600,1
cat_4,o413,1
cat_8,o167,1
cat_10,o42,1
cat_5,o218,2
cat_7,o309,2
cat_28,o540,2
cat_2,o32,4
cat_13,o625,1
cat_4,o342,1
cat_21,o170,6
cat_18,o601,1
cat_25,o26,5
cat_21,o308,1
cat_16,o16,1
cat_13,o203,1
cat_26,o267,1
cat_9,o133,1
cat_21,o589,1
cat_18,o448,1
cat_13,o307,1
cat_7,o183,2
cat_7,o224,3
cat_18,o11,89
cat_18,o179,2
cat_25,o156,1
cat_18,o454,2
cat_4,o9,20
cat_5,o40,1
cat_7,o16,1
cat_5,o5,10
cat_21,o89,2
cat_21,o22,1
cat_4,o466,1
cat_13,o97,1
cat_18,o712,1
cat_19,o9,3
cat_17,o64,1
cat_2,o137,4
cat_4,o758,1
cat_7,o88,1
cat_20,o1,2
cat_1,o539,2
cat_28,o32,1
cat_4,o577,1
cat_15,o61,1
cat_2,o23,49
cat_7,o86,1
cat_25,o188,1
cat_13,o45,1
cat_8,o356,2
cat_13,o378,1
cat_2,o411,2
cat_15,o195,1
cat_25,o906,1
cat_21,o130,3
cat_4,o103,2
cat_4,o523,1
cat_25,o575,1
cat_10,o128,1
cat_5,o122,1
cat_22,o166,1
cat_28,o207,1
cat_22,o258,1
cat_13,o552,2
cat_2,o499,1
cat_22,o96,1
cat_10,o125,2
cat_4,o353,2
cat_7,o271,1
cat_22,o18,3
cat_4,o229,1
cat_1,o256,1
cat_7,o112,2
cat_4,o82,2
cat_22,o94,12
cat_13,o349,1
cat_10,o864,1
cat_21,o81,2
cat_4,o369,1
cat_10,o73,2
cat_4,o141,3
cat_28,o98,1
cat_13,o55,4
cat_4,o272,1
cat_14,o25,42
cat_22,o82,3
cat_21,o333,3
cat_27,o324,1
cat_25,o728,1
cat_2,o144,2
cat_4,o153,1
cat_5,o83,1
cat_5,o849,1
cat_2,o207,1
cat_4,o290,1
cat_1,o268,1
cat_12,o234,1
cat_25,o907,1
cat_10,o437,2
cat_19,o488,3
cat_4,o18,9
cat_1,o56,2
cat_21,o203,1
cat_18,o232,1
cat_5,o303,2
cat_4,o96,1
cat_1,o365,4
cat_10,o489,1
cat_2,o596,1
cat_7,o324,1
cat_4,o806,1
cat_17,o12,1
cat_25,o61,1
cat_4,o166,1
cat_2,o226,2
cat_15,o49,1
cat_5,o337,2
cat_10,o35,2
cat_4,o258,1
cat_25,o744,1
cat_1,o703,1
cat_2,o325,3
cat_15,o156,1
cat_7,o172,10
cat_4,o102,4
cat_14,o10,1
cat_2,o524,1
cat_5,o350,4
cat_2,o98,2
cat_25,o107,2
cat_16,o139,2
cat_7,o244,2
cat_3,o97,1
cat_8,o395,1
cat_28,o104,3
cat_7,o382,1
cat_2,o646,1
cat_2,o128,1
cat_18,o399,1
cat_13,o129,2
cat_4,o148,1
cat_14,o27,9
cat_7,o618,1
cat_2,o177,3
cat_2,o73,3
cat_7,o139,4
cat_18,o75,1
cat_26,o1,21
cat_19,o122,1
cat_18,o204,1
cat_12,o143,1
cat_19,o759,1
cat_2,o176,1
cat_22,o68,5
cat_12,o705,1
cat_9,o182,1
cat_4,o700,1
cat_25,o46,1
cat_22,o122,1
cat_4,o68,2
cat_8,o325,1
cat_2,o104,2
cat_28,o125,1
cat_18,o29,16
cat_6,o867,1
cat_6,o28,41
cat_4,o639,1
cat_12,o34,1
cat_4,o636,1
cat_4,o291,3
cat_26,o359,1
cat_5,o166,2
cat_21,o372,1
cat_21,o67,12
cat_4,o337,1
cat_28,o73,1
cat_28,o177,3
cat_5,o352,2
cat_7,o12,1
cat_4,o83,3
cat_10,o98,1
cat_5,o18,5
cat_26,o15,4
cat_25,o31,4
cat_10,o355,1
cat_17,o747,1
cat_21,o841,1
cat_5,o272,2
cat_2,o35,2
cat_2,o685,1
cat_13,o428,1
cat_18,o220,1
cat_4,o387,1
cat_22,o278,2
cat_5,o134,1
cat_2,o54,1
cat_13,o191,3
cat_4,o535,1
cat_10,o627,2
cat_15,o87,1
cat_8,o32,1
cat_4,o116,2
cat_7,o542,2
cat_15,o107,1
cat_1,o70,1
cat_6,o43,1
cat_7,o508,2
cat_2,o259,6
cat_4,o110,13
cat_2,o844,1
cat_4,o323,4
cat_16,o78,2
cat_26,o386,4
cat_22,o526,2
cat_2,o273,2
cat_22,o5,2
cat_4,o41,1
cat_2,o42,3
cat_27,o59,21
cat_4,o807,1
cat_9,o525,2
cat_7,o557,1
cat_4,o693,1
cat_21,o564,1
cat_10,o85,1
cat_5,o478,3
cat_18,o275,2
cat_22,o896,1
cat_18,o108,1
cat_13,o217,2
cat_1,o180,1
cat_4,o322,1
cat_26,o90,3
cat_2,o346,2
cat_4,o264,2
cat_9,o620,2
cat_18,o248,1
cat_10,o560,2
cat_1,o1,23
cat_2,o473,1
cat_5,o466,1
cat_1,o53,1
cat_7,o718,1
cat_21,o742,1
cat_19,o507,3
cat_27,o3,14
cat_17,o224,1
cat_10,o161,2
cat_5,o9,5
cat_4,o5,10
cat_25,o47,3
cat_27,o64,1
cat_4,o40,3
cat_10,o185,1
cat_22,o41,2
cat_4,o500,3
cat_12,o138,1
cat_17,o16,1
cat_13,o187,1
cat_19,o211,1
cat_22,o116,2
cat_9,o247,1
cat_10,o135,7
cat_22,o110,1
cat_19,o483,1
cat_5,o498,1
cat_1,o58,1
cat_21,o586,2
cat_26,o780,1
cat_14,o257,1
cat_10,o389,1
cat_4,o211,1
cat_10,o453,1
cat_4,o573,1
cat_21,o194,1
cat_5,o622,2
cat_7,o64,2
cat_17,o88,3
cat_16,o58,2
cat_21,o546,1
cat_10,o149,1
cat_8,o20,54
cat_7,o1,4
cat_7,o162,1
cat_2,o223,1
cat_15,o204,1
cat_25,o108,1
cat_20,o16,3
cat_4,o154,3
cat_14,o317,1
cat_10,o487,1
cat_16,o737,1
cat_15,o145,11
cat_1,o3,26
cat_4,o809,1
cat_22,o630,1
cat_20,o183,1
cat_13,o322,1
cat_2,o105,2
cat_19,o815,1
cat_1,o408,4
cat_2,o762,1
cat_4,o328,1
cat_16,o53,2
cat_16,o1,1
cat_27,o1,23
cat_5,o230,1
cat_26,o236,4
cat_7,o576,2
cat_26,o418,1
cat_4,o494,1
cat_26,o12,2
cat_15,o220,2
cat_17,o347,1
cat_17,o363,2
cat_3,o274,2
cat_7,o370,2
cat_15,o199,1
cat_13,o5,1
cat_13,o40,2
cat_24,o267,1
cat_7,o609,1
cat_22,o328,1
cat_7,o472,2
cat_5,o45,4
cat_7,o70,1
cat_25,o559,1
cat_15,o158,2
cat_25,o251,1
cat_2,o163,1
cat_19,o187,7
cat_10,o281,1
cat_4,o769,1
cat_6,o429,3
cat_22,o561,1
cat_13,o393,1
cat_22,o191,5
cat_17,o407,2
cat_16,o383,1
cat_15,o29,4
cat_1,o78,1
cat_8,o471,1
cat_12,o366,1
cat_4,o372,1
cat_10,o181,1
cat_21,o41,2
cat_2,o296,1
cat_4,o231,1
cat_18,o269,1
cat_5,o435,2
cat_2,o213,1
cat_5,o424,1
cat_2,o817,1
cat_2,o151,1
cat_4,o129,2
cat_12,o233,1
cat_25,o75,1
cat_2,o725,1
cat_19,o231,1
cat_28,o206,1
cat_24,o91,1
cat_8,o119,1
cat_1,o294,6
cat_7,o2,15
cat_17,o253,1
cat_2,o219,1
cat_26,o78,1
cat_7,o90,1
cat_7,o534,1
cat_4,o186,2
cat_7,o665,1
cat_4,o845,1
cat_28,o397,1
cat_2,o44,16
cat_12,o66,10
cat_7,o374,1
cat_7,o184,3
cat_18,o87,1
cat_10,o10,4
cat_16,o2,210
cat_25,o771,1
cat_16,o14,1
cat_18,o31,4
cat_25,o743,1
cat_7,o613,1
cat_26,o3,4
cat_10,o43,3
cat_2,o381,4
cat_14,o827,1
cat_13,o68,1
cat_25,o220,1
cat_21,o483,1
cat_7,o604,1
cat_13,o343,4
cat_25,o29,3
cat_16,o348,1
cat_5,o55,1
cat_2,o21,7
cat_8,o43,1
cat_2,o345,1
cat_5,o724,1
cat_2,o33,3
cat_4,o13,2
cat_4,o79,1
cat_22,o485,1
cat_17,o256,3
cat_5,o142,6
cat_7,o246,1
cat_8,o235,2
cat_7,o582,1
cat_19,o379,1
cat_19,o79,1
cat_5,o565,2
cat_4,o242,4
cat_4,o57,7
cat_14,o207,1
cat_10,o801,1
cat_7,o302,1
cat_7,o253,2
cat_5,o186,1
cat_8,o541,1
cat_4,o378,1
cat_10,o151,1
cat_21,o134,8
cat_25,o196,3
cat_20,o12,1
cat_4,o349,1
cat_2,o10,4
cat_2,o240,2
cat_18,o597,1
cat_19,o424,1
cat_15,o280,5
cat_9,o232,1
cat_22,o55,16
cat_19,o319,4
cat_5,o231,1
cat_22,o22,15
cat_15,o76,1
cat_5,o37,4
cat_7,o312,1
cat_4,o424,1
cat_4,o855,1
cat_25,o384,1
cat_18,o61,6
cat_4,o142,2
cat_21,o9,4
cat_15,o147,1
cat_26,o376,1
cat_10,o206,7
cat_4,o22,6
cat_4,o915,1
cat_8,o717,1
cat_22,o910,1
cat_13,o18,3
cat_2,o43,2
cat_26,o88,2
cat_1,o777,1
cat_27,o267,1
cat_7,o48,1
cat_19,o22,1
cat_19,o687,1
cat_7,o461,1
cat_5,o379,1
cat_22,o470,1
cat_7,o214,5
cat_20,o468,3
cat_7,o626,2
cat_28,o10,5
cat_4,o679,1
cat_24,o15,2
cat_5,o286,1
cat_5,o423,3
cat_15,o19,1
cat_4,o308,1
cat_20,o511,1
cat_22,o57,1
cat_7,o267,1
cat_20,o741,1
cat_10,o33,6
cat_27,o48,2
cat_26,o113,1
cat_4,o835,1
cat_1,o112,4
cat_13,o258,1
cat_9,o196,1
cat_4,o638,1
cat_7,o409,3
cat_17,o1,7
cat_28,o492,1
cat_2,o487,1
cat_25,o480,3
cat_21,o503,2
cat_4,o65,2
cat_4,o860,1
cat_21,o103,1
cat_1,o16,12
cat_28,o181,1
cat_10,o123,1
cat_5,o154,1
cat_5,o727,1
cat_22,o438,3
cat_4,o794,1
cat_10,o257,6
cat_10,o697,1
cat_22,o203,1
cat_4,o427,3
cat_15,o371,4
cat_13,o351,1
cat_4,o203,1
cat_15,o832,1
cat_25,o179,2
cat_28,o216,1
cat_6,o513,1
cat_4,o882,1
cat_18,o156,2
cat_17,o70,2
cat_18,o188,1
cat_18,o127,1
cat_8,o111,1
cat_7,o69,2
cat_24,o582,1
cat_4,o97,4
cat_21,o914,1
cat_14,o32,2
cat_7,o840,1
cat_18,o52,2
cat_21,o8,4
cat_4,o45,5
cat_18,o26,3
cat_4,o333,1
cat_12,o4,1
cat_7,o336,1
cat_21,o290,4
cat_14,o406,1
cat_14,o85,1
cat_26,o165,8
cat_15,o311,1
cat_10,o163,2
cat_17,o180,1
cat_28,o20,1
cat_25,o425,1
cat_27,o69,1
cat_13,o320,1
cat_5,o167,3
cat_5,o54,4
cat_22,o161,1
cat_2,o413,1
cat_15,o91,1
cat_20,o182,3
cat_17,o334,1
cat_10,o41,1
cat_4,o32,3
cat_19,o406,2
cat_10,o595,1
cat_15,o403,2
cat_4,o249,2
cat_7,o332,2
cat_28,o9,1
cat_4,o85,3
cat_22,o389,1
cat_10,o535,1
cat_4,o115,4
cat_17,o62,1
cat_10,o126,2
cat_5,o42,4
cat_18,o157,11
cat_2,o798,1
cat_10,o116,1
cat_5,o276,2
cat_2,o439,3
cat_4,o277,1
cat_21,o43,1
cat_4,o135,1
cat_25,o279,3
cat_5,o317,2
cat_26,o52,2
cat_15,o336,1
cat_25,o214,1
cat_18,o74,1
cat_14,o339,2
cat_7,o311,1
cat_8,o340,1
cat_7,o792,1
cat_17,o29,3
cat_2,o9,15
cat_4,o389,1
cat_10,o211,1
cat_4,o189,9
cat_20,o107,3
cat_4,o779,1
cat_6,o95,5
cat_10,o340,2
cat_21,o899,1
cat_16,o311,1
cat_22,o249,3
cat_22,o850,1
cat_15,o69,2
cat_7,o232,1
cat_4,o185,5
cat_22,o32,4
cat_10,o40,5
cat_8,o211,1
cat_4,o295,4
cat_2,o342,1
cat_17,o255,6
cat_4,o161,2
cat_8,o164,8
cat_8,o393,1
cat_5,o125,1
cat_24,o304,2
cat_25,o403,1
cat_2,o82,5
cat_13,o10,1
cat_4,o395,2
cat_5,o245,2
cat_4,o875,1
cat_13,o119,1
cat_21,o149,1
cat_18,o486,3
cat_5,o128,1
cat_10,o122,2
cat_24,o605,2
cat_24,o414,1
cat_5,o481,3
cat_22,o831,1
cat_2,o375,3
cat_28,o352,2
cat_16,o76,2
cat_5,o570,1
cat_4,o499,1
cat_17,o460,1
cat_5,o176,4
cat_26,o283,2
cat_10,o148,3
cat_27,o554,1
cat_16,o136,1
cat_15,o302,1
cat_22,o325,1
cat_17,o108,1
cat_5,o104,1
cat_12,o359,1
cat_17,o4,91
cat_15,o449,3
cat_4,o98,2
cat_19,o502,2
cat_10,o83,1
cat_22,o900,1
cat_22,o411,2
cat_7,o661,1
cat_16,o147,1
cat_2,o96,1
cat_2,o396,3
cat_15,o279,1
cat_1,o579,2
cat_2,o258,1
cat_28,o274,1
cat_7,o19,1
cat_18,o113,3
cat_7,o150,3
cat_4,o226,1
cat_21,o585,1
cat_4,o392,2
cat_2,o166,3
cat_10,o464,1
cat_13,o215,2
cat_4,o207,1
cat_8,o83,1
cat_15,o48,2
cat_18,o436,2
cat_18,o16,10
cat_4,o903,1
cat_2,o18,25
cat_10,o68,1
cat_10,o337,1
cat_5,o35,1
cat_18,o86,1
cat_4,o380,4
cat_7,o789,1
cat_16,o19,29
cat_27,o19,1
cat_14,o38,21
cat_10,o229,4
cat_4,o514,3
cat_4,o176,1
cat_16,o460,2
cat_8,o103,1
cat_8,o523,1
cat_13,o44,2
cat_22,o104,1
cat_2,o122,2
cat_22,o299,3
cat_1,o173,1
cat_4,o73,2
cat_4,o694,1
cat_4,o177,2
cat_10,o369,1
cat_1,o121,1
cat_4,o570,1
cat_20,o52,1
cat_13,o193,4
cat_2,o201,8
cat_7,o684,1
cat_7,o912,1
cat_19,o125,4
cat_13,o213,1
cat_1,o198,8
cat_4,o128,2
cat_7,o497,1
cat_10,o103,4
cat_19,o390,4
cat_14,o887,1
cat_15,o90,2
cat_21,o123,1
cat_2,o148,2
cat_25,o1,5
cat_25,o53,1
cat_4,o125,2
cat_10,o353,1
cat_28,o68,3
cat_7,o108,4
cat_21,o768,1
cat_7,o275,1
cat_15,o732,1
cat_4,o35,5
cat_15,o246,1
cat_4,o731,1
cat_26,o46,1
cat_10,o166,1
cat_13,o33,1
cat_7,o4,1
cat_5,o144,2
cat_28,o122,1
cat_10,o96,5
cat_5,o701,1
cat_9,o53,1
cat_9,o1,1
cat_7,o248,3
cat_27,o327,1
cat_16,o327,2
cat_18,o830,1
cat_17,o19,8
cat_5,o207,1
cat_2,o83,3
cat_6,o130,9
cat_10,o102,8
cat_26,o285,1
cat_26,o190,2
cat_16,o282,1
cat_15,o610,1
cat_8,o18,6
cat_4,o650,1
cat_7,o550,2
cat_17,o448,1
cat_7,o262,1
cat_2,o303,1
cat_18,o3,11
cat_2,o785,1
cat_10,o272,2
cat_28,o580,1
cat_22,o73,1
cat_5,o392,1
cat_4,o357,1
cat_27,o4,1
cat_18,o64,1
cat_5,o358,1
cat_21,o879,1
cat_17,o92,15
cat_21,o163,3
cat_1,o117,13
cat_4,o104,2
cat_7,o282,5
cat_7,o327,1
cat_12,o347,1
cat_2,o68,2
cat_5,o98,1
cat_4,o437,1
cat_8,o102,2
cat_25,o70,1
cat_10,o153,1
cat_16,o204,1
cat_27,o204,1
cat_28,o211,1
cat_16,o475,1
cat_4,o824,1
cat_18,o63,4
cat_18,o101,2
cat_4,o346,3
cat_2,o322,1
cat_2,o41,6
cat_1,o555,1
cat_5,o720,1
cat_21,o213,1
cat_13,o123,2
cat_4,o42,1
cat_26,o394,3
cat_7,o399,2
cat_2,o876,1
cat_7,o62,2
cat_1,o234,3
cat_2,o116,4
cat_4,o447,1
cat_4,o273,2
cat_2,o822,1
cat_28,o719,1
cat_18,o139,1
cat_1,o46,1
cat_28,o5,4
cat_2,o545,1
cat_5,o85,1
cat_7,o491,2
cat_28,o482,1
cat_18,o221,4
cat_13,o155,7
cat_19,o868,1
cat_4,o54,6
cat_2,o218,4
cat_6,o22,1
cat_15,o162,1
cat_26,o364,1
cat_15,o53,1
cat_15,o1,8
cat_5,o32,1
cat_18,o611,2
cat_7,o29,1
cat_14,o217,1
cat_1,o269,1
cat_26,o377,3
cat_2,o483,1
cat_2,o164,2
cat_10,o9,11
cat_28,o264,1
cat_2,o573,1
cat_27,o158,1
cat_4,o417,3
cat_21,o567,1
cat_10,o898,1
cat_17,o612,2
cat_4,o208,7
cat_22,o42,2
cat_2,o40,2
cat_18,o12,25
cat_7,o171,1
cat_25,o501,1
cat_2,o5,33
cat_10,o498,1
cat_4,o263,2
cat_14,o154,1
cat_22,o276,1
cat_4,o473,1
cat_28,o126,1
cat_21,o21,3
cat_26,o252,6
cat_4,o317,1
cat_4,o770,1
cat_7,o199,3
cat_25,o209,6
cat_2,o340,1
cat_16,o861,1
cat_4,o106,14
cat_18,o782,1
cat_5,o676,1
cat_13,o42,2
cat_15,o78,2
cat_4,o123,2
cat_7,o329,3
cat_28,o67,1
cat_28,o372,1
cat_1,o29,1
cat_10,o339,1
cat_7,o527,2
cat_18,o90,2
cat_8,o65,1
cat_26,o108,1
cat_4,o778,1
cat_4,o640,1
cat_4,o105,1
cat_21,o513,2
cat_25,o895,1
cat_7,o723,1
cat_17,o202,3
cat_13,o54,1
cat_19,o516,1
cat_15,o574,1
cat_4,o804,1
cat_4,o155,1
cat_7,o107,2
cat_13,o167,1
cat_5,o175,8
cat_2,o154,2
cat_25,o63,1
cat_22,o163,1
cat_21,o73,3
cat_4,o516,1
cat_10,o81,5
cat_4,o569,2
cat_16,o46,1
cat_20,o556,2
cat_5,o492,1
cat_25,o12,1
cat_7,o31,1
cat_14,o41,4
cat_1,o615,1
cat_27,o190,1
cat_16,o190,1
cat_4,o163,2
cat_21,o104,1
cat_28,o217,1
cat_25,o632,1
cat_6,o326,5
cat_6,o909,1
cat_18,o610,1
cat_21,o35,3
cat_22,o105,3
cat_10,o591,2
cat_7,o46,2
cat_13,o356,1
cat_2,o426,1
cat_1,o62,1
cat_7,o234,1
cat_7,o434,3
cat_4,o288,6
cat_22,o123,1
cat_2,o260,2
cat_5,o281,2
cat_7,o285,2
cat_4,o412,4
cat_12,o74,4
cat_1,o455,2
cat_4,o714,1
cat_1,o248,2
cat_18,o1,2
cat_18,o53,3
cat_4,o193,1
cat_25,o734,1
cat_18,o344,1
cat_16,o313,5
cat_10,o349,1
cat_7,o681,1
cat_21,o54,5
cat_20,o179,1
cat_4,o541,1
cat_6,o9,1
cat_2,o186,1
cat_4,o44,1
cat_17,o133,1
cat_17,o495,3
cat_5,o10,8
cat_21,o897,1
cat_22,o33,6
cat_1,o496,1
cat_14,o464,1
cat_7,o316,1
cat_25,o803,1
cat_22,o474,2
cat_22,o345,1
cat_21,o276,1
cat_4,o219,1
cat_15,o418,1
cat_22,o21,5
cat_5,o119,2
cat_18,o58,2
cat_25,o574,1
cat_7,o865,1
cat_4,o213,2
cat_4,o296,2
cat_21,o42,1
cat_20,o366,3
cat_7,o642,1
cat_7,o467,2
cat_2,o773,1
cat_10,o308,1
cat_1,o391,4
cat_5,o532,2
cat_27,o607,1
cat_16,o607,1
cat_26,o158,1
cat_28,o465,2
cat_10,o170,4
cat_25,o3,23
cat_26,o171,1
cat_10,o589,1
cat_17,o49,1
cat_4,o21,10
cat_15,o261,1
cat_13,o35,2
cat_7,o93,7
cat_22,o614,1
cat_4,o647,1
cat_2,o901,1
cat_15,o12,2
cat_18,o70,2
cat_25,o457,1
cat_7,o173,2
cat_2,o79,1
cat_27,o47,1
cat_4,o397,1
cat_4,o33,2
cat_19,o27,33
cat_10,o22,1
cat_22,o44,1
cat_26,o29,2
cat_10,o410,4
cat_13,o104,1
cat_2,o286,1
cat_17,o26,4
cat_4,o699,1
cat_4,o648,1
cat_21,o721,1
cat_7,o266,6
cat_13,o357,1
cat_27,o121,1
cat_5,o662,1
cat_1,o275,1
cat_7,o47,1
cat_4,o749,1
cat_19,o240,1
cat_5,o296,1
cat_21,o115,2
cat_28,o757,1
cat_22,o877,1
cat_4,o621,2
cat_1,o19,1
cat_4,o240,1
cat_4,o10,7
cat_8,o95,9
cat_16,o635,2
cat_1,o448,1
cat_14,o94,1
cat_7,o160,1
cat_10,o129,5
cat_21,o795,1
cat_21,o178,2
cat_6,o40,1
cat_21,o738,1
cat_9,o16,1
cat_21,o254,1
cat_10,o231,1
cat_16,o562,2
cat_9,o88,1
cat_7,o195,1
cat_28,o142,1
cat_26,o512,2
cat_2,o57,12
cat_27,o52,1
cat_10,o13,2
cat_4,o305,1
cat_12,o64,2
cat_20,o108,1
cat_1,o76,1
cat_13,o226,1
cat_4,o462,1
cat_5,o567,1
cat_1,o659,1
cat_1,o536,1
cat_25,o16,2
cat_28,o349,1
cat_18,o69,1
cat_17,o121,1
cat_19,o305,1
cat_2,o308,1
cat_7,o49,5
cat_25,o86,1
cat_14,o82,3
cat_13,o98,1
cat_5,o331,1
cat_5,o21,10
cat_7,o26,1
cat_5,o345,1
cat_28,o38,2
cat_21,o277,1
cat_7,o52,3
cat_4,o43,3
cat_1,o857,1
cat_8,o79,5
cat_5,o33,2
cat_10,o286,1
cat_28,o242,1
cat_1,o833,1
cat_17,o47,5
cat_2,o250,5
cat_10,o194,5
cat_2,o361,4
cat_2,o89,11
cat_21,o389,1
cat_25,o183,1
cat_2,o22,14
cat_27,o49,1
cat_1,o916,1
cat_16,o49,6
cat_10,o217,2
cat_13,o249,1
cat_8,o799,1
cat_2,o440,1
cat_7,o637,1
cat_18,o227,2
cat_13,o85,1
cat_26,o404,3
cat_4,o651,1
cat_14,o9,1
cat_20,o171,2
cat_26,o335,1
cat_7,o143,2
cat_4,o175,1
cat_8,o154,2
cat_18,o253,1
cat_7,o575,1
cat_2,o65,1
cat_21,o395,1
cat_5,o490,2
cat_2,o543,2
cat_12,o593,1
cat_4,o149,1
cat_15,o321,5
cat_7,o202,1
cat_17,o107,1
cat_9,o324,1
cat_4,o330,4
cat_5,o105,2
cat_4,o487,1
cat_12,o63,2
cat_4,o216,1
cat_15,o88,1
cat_22,o216,1
cat_21,o207,2
cat_7,o373,2
cat_15,o86,1
cat_21,o722,1
cat_5,o315,1
cat_7,o61,3
cat_22,o149,2
cat_4,o181,2
cat_19,o656,1
cat_13,o137,3
cat_2,o97,1
cat_20,o62,1
cat_21,o144,2
cat_2,o45,3
cat_18,o159,3
cat_15,o16,8
cat_22,o175,1
cat_5,o111,1
cat_16,o441,1
cat_22,o781,1
cat_10,o426,1
cat_1,o243,7
cat_2,o401,4
cat_4,o471,1
cat_4,o238,2
cat_4,o667,1
cat_5,o571,1
cat_21,o477,1
cat_2,o69,1
cat_7,o318,4
cat_10,o70,4
cat_15,o761,1
cat_7,o471,1
cat_6,o63,1
cat_13,o232,1
cat_2,o363,1
cat_21,o150,7
cat_7,o238,3
cat_25,o18,1
cat_4,o441,1
cat_14,o298,1
cat_7,o281,1
cat_5,o190,1
cat_5,o285,1
cat_25,o96,2
cat_1,o178,8
cat_4,o61,3
cat_18,o142,1
cat_15,o9,2
cat_7,o181,4
cat_21,o458,1
cat_21,o147,1
cat_12,o83,1
cat_2,o690,1
cat_7,o124,13
cat_17,o111,1
cat_10,o1,18
cat_4,o202,2
cat_7,o149,3
cat_28,o69,1
cat_5,o695,1
cat_4,o811,1
cat_7,o330,1
cat_14,o183,1
cat_22,o61,1
cat_21,o280,1
cat_5,o269,1
cat_14,o113,2
cat_7,o216,1
cat_4,o520,1
cat_28,o336,1
cat_2,o91,12
cat_8,o1,4
cat_10,o58,5
cat_25,o229,1
cat_13,o384,2
cat_21,o335,1
cat_4,o283,1
cat_4,o132,12
cat_17,o105,2
cat_4,o143,5
cat_18,o641,1
cat_1,o419,3
cat_16,o216,1
cat_8,o528,1
cat_15,o290,1
cat_4,o26,20
cat_4,o52,2
cat_7,o43,1
cat_2,o159,4
cat_18,o45,1
cat_1,o99,15
cat_5,o173,1
cat_20,o177,2
cat_28,o268,1
cat_22,o670,1
cat_5,o121,1
cat_10,o209,1
cat_5,o530,2
cat_25,o351,1
cat_7,o235,2
cat_13,o179,1
cat_4,o459,1
cat_10,o590,1
cat_13,o432,1
cat_4,o156,1
cat_5,o892,1
cat_25,o9,11
cat_2,o267,1
cat_5,o688,1
cat_18,o203,2
cat_17,o402,1
cat_13,o19,6
cat_25,o320,1
cat_7,o120,13
cat_5,o47,5
cat_12,o211,1
cat_21,o306,4
cat_26,o185,1
cat_17,o33,2
cat_4,o553,2
cat_4,o188,1
cat_22,o114,14
cat_17,o21,2
cat_7,o25,3
cat_4,o456,3
cat_13,o335,1
cat_26,o32,1
cat_15,o103,1
cat_4,o629,2
cat_22,o118,1
cat_27,o10,1
cat_8,o184,1
cat_4,o195,1
cat_22,o156,2
cat_26,o85,1
cat_20,o35,1
cat_17,o296,1
cat_26,o84,4
cat_5,o415,2
cat_13,o136,2
cat_5,o823,1
cat_10,o192,3
cat_18,o230,4
cat_7,o10,9
cat_18,o81,1
cat_7,o240,2
cat_13,o76,4
cat_4,o133,1
cat_10,o184,3
cat_18,o65,1
cat_7,o119,5
cat_1,o791,1
cat_10,o707,1
cat_22,o52,2
cat_5,o247,6
cat_19,o504,3
cat_8,o214,2
cat_12,o498,1
cat_5,o49,1
cat_10,o563,2
cat_2,o348,2
cat_13,o262,1
cat_16,o21,2
cat_15,o837,1
cat_2,o501,2
cat_22,o72,2
cat_4,o47,3
cat_25,o5,3
cat_2,o246,3
cat_17,o462,1
cat_7,o402,2
cat_7,o225,7
cat_22,o467,1
cat_28,o374,1
cat_21,o538,1
cat_10,o388,1
cat_15,o387,1
cat_5,o459,2
cat_7,o21,1
cat_2,o405,1
cat_25,o211,1
cat_2,o14,63
cat_5,o52,1
cat_4,o93,1
cat_28,o192,1
cat_4,o297,1
cat_19,o848,1
cat_2,o702,1
cat_4,o173,1
cat_5,o51,22
cat_4,o121,2
cat_26,o506,3
cat_7,o397,1
cat_7,o33,3
cat_1,o299,3
cat_10,o302,2
cat_22,o121,2
cat_4,o869,1
cat_4,o316,1
cat_5,o133,7
cat_7,o219,3
cat_2,o90,1
cat_2,o2,1
cat_15,o148,1
cat_4,o812,1
cat_10,o268,2
cat_4,o415,1
cat_25,o547,1
cat_20,o98,1
cat_4,o416,1
cat_7,o151,2
cat_16,o44,3
cat_10,o253,1
cat_5,o287,3
cat_18,o774,1
cat_25,o452,1
cat_5,o195,2
cat_22,o47,1
cat_18,o531,1
cat_13,o354,3
cat_21,o75,11
cat_4,o6,115
cat_16,o296,1
cat_2,o735,1
cat_2,o192,1
cat_26,o54,2
cat_4,o364,1
cat_17,o10,5
cat_21,o414,2
cat_9,o40,1
cat_26,o35,3
cat_10,o347,1
cat_25,o68,1
cat_18,o428,1
cat_3,o76,1
cat_4,o46,1
cat_2,o70,1
cat_18,o692,1
cat_15,o40,3
cat_15,o5,2
cat_16,o111,1
cat_28,o344,1
cat_4,o190,1
cat_10,o69,1
cat_19,o39,27
cat_2,o450,3
cat_4,o182,5
cat_21,o100,2
cat_21,o529,1
cat_28,o1,10
cat_28,o53,1
cat_7,o315,1
cat_13,o158,1
cat_10,o631,2
cat_22,o87,1
cat_2,o180,5
cat_4,o866,1
cat_2,o359,2
cat_4,o31,10
cat_10,o430,1
cat_13,o29,1
cat_4,o571,1
cat_1,o42,1
cat_18,o194,2
cat_4,o871,1
cat_5,o853,1
cat_4,o555,1
cat_21,o251,1
cat_18,o338,5
cat_4,o107,2
cat_7,o155,3
cat_1,o863,1
cat_12,o572,1
cat_22,o36,29
cat_16,o490,1
cat_24,o10,3
cat_9,o343,1
cat_22,o31,1
cat_2,o671,1
cat_2,o400,4
cat_4,o87,8
cat_2,o162,1
cat_16,o105,3
cat_2,o53,7
cat_2,o1,29
cat_7,o763,1
cat_12,o141,9
cat_1,o445,2
cat_12,o360,2
cat_4,o775,1
cat_19,o772,1
cat_15,o264,1
cat_5,o362,1
cat_7,o123,2
cat_4,o329,2
cat_22,o764,1
cat_18,o231,1
cat_2,o58,9
cat_15,o41,1
cat_15,o623,1
cat_13,o334,1
cat_22,o46,1
cat_25,o122,1
cat_16,o223,7
cat_7,o105,1
cat_19,o255,1
cat_14,o1,3
cat_19,o300,6
cat_4,o654,1
cat_18,o894,1
cat_19,o398,1
cat_22,o399,1
cat_4,o158,2
cat_4,o538,1
cat_4,o171,2
cat_7,o263,3
cat_4,o220,2
cat_15,o260,2
cat_19,o854,1
cat_4,o398,1
cat_18,o30,1
cat_15,o494,1
cat_10,o224,1
cat_4,o199,1
cat_13,o39,1
cat_8,o86,1
cat_17,o295,2
cat_1,o123,1
cat_7,o818,1
cat_24,o207,1
cat_21,o377,1
cat_4,o29,4
cat_10,o16,2
cat_17,o277,1
cat_10,o376,1
cat_25,o13,8
cat_2,o457,1
cat_2,o64,3
cat_17,o137,1
cat_22,o455,1
cat_10,o86,3
cat_21,o47,3
cat_28,o557,1
cat_10,o88,1
cat_8,o183,1
cat_24,o144,1
cat_17,o453,1
cat_22,o62,11
cat_2,o3,16
cat_21,o72,8
cat_14,o15,1
cat_4,o475,1
cat_4,o62,2
cat_26,o796,1
cat_4,o204,2
cat_4,o75,1
cat_13,o87,1
cat_10,o905,1
cat_12,o38,1
cat_20,o181,1
cat_7,o167,2
cat_19,o304,2
cat_7,o54,1
cat_21,o908,1
cat_7,o682,1
cat_4,o444,3
cat_27,o42,1
cat_16,o42,2
cat_3,o127,1
cat_3,o49,2
cat_28,o624,1
cat_22,o199,2
cat_17,o32,1
cat_10,o298,3
cat_28,o64,1
cat_4,o784,1
cat_5,o196,1
cat_2,o78,1
cat_4,o446,1
cat_2,o431,3
cat_5,o859,1
cat_22,o220,1
cat_27,o273,1
cat_27,o54,1
cat_21,o416,2
cat_26,o151,1
cat_13,o269,1
cat_15,o328,3
cat_28,o3,3
cat_5,o80,1
cat_1,o111,9
cat_7,o42,2
cat_10,o309,2
cat_4,o262,3
cat_27,o578,2
cat_28,o236,3
cat_28,o418,1
cat_13,o47,1
cat_25,o745,1
cat_5,o19,5
cat_21,o31,3
cat_20,o10,1
cat_7,o357,1
cat_4,o496,1
cat_7,o104,1
cat_5,o477,1
cat_18,o211,1
cat_18,o433,1
cat_4,o251,1
cat_15,o746,1
cat_4,o672,1
cat_28,o63,1
cat_25,o426,1
cat_5,o458,2
cat_7,o35,2
cat_19,o493,3
cat_17,o98,3
cat_2,o617,2
cat_4,o4,1
cat_18,o482,2
cat_17,o355,3
cat_7,o715,1
cat_13,o173,2
cat_12,o45,2
cat_19,o310,5
cat_18,o5,35
cat_18,o40,1
cat_2,o12,5
cat_14,o374,1
cat_20,o463,3
cat_12,o97,2
cat_4,o529,1
cat_15,o485,1
cat_5,o136,1
cat_7,o128,3
cat_27,o176,1
cat_18,o880,1
cat_13,o394,1
cat_18,o41,1
cat_24,o32,2
cat_7,o125,1
cat_22,o4,1
cat_2,o382,1
cat_4,o275,1
cat_25,o561,1
cat_4,o108,2
cat_2,o244,1
cat_19,o497,1
cat_7,o245,5
cat_2,o63,5
cat_1,o765,1
cat_24,o84,2
cat_1,o599,1
cat_7,o176,3
cat_4,o821,1
cat_1,o225,1
cat_2,o77,4
cat_2,o140,12
cat_13,o364,1
cat_2,o139,2
cat_7,o819,1
cat_1,o33,1
cat_28,o12,2
cat_7,o847,1
cat_18,o116,4
cat_25,o203,1
cat_17,o131,12
cat_4,o748,1
cat_1,o649,1
cat_22,o136,2
cat_5,o210,8
cat_18,o9,4
cat_4,o454,1
cat_4,o179,1
cat_13,o52,6
cat_4,o750,1
cat_22,o76,1
cat_7,o144,2
cat_5,o4,1
cat_17,o104,1
cat_15,o22,1
cat_5,o248,1
cat_7,o358,2
cat_25,o97,1
cat_7,o521,2
cat_28,o112,1
cat_28,o239,1
cat_7,o98,2
cat_4,o601,1
cat_5,o251,1
cat_17,o35,2
cat_25,o333,1
cat_4,o533,2
cat_13,o188,1
cat_13,o49,5
cat_10,o12,5
cat_25,o45,5
cat_4,o805,1
cat_20,o219,1
cat_4,o432,1
cat_7,o873,1
cat_4,o19,2
cat_4,o425,1
cat_4,o150,1
cat_26,o585,1
cat_4,o766,1
cat_2,o324,1
cat_7,o596,1
cat_10,o511,1
cat_22,o19,2
cat_15,o378,1
cat_3,o658,1
cat_2,o271,2
cat_10,o101,2
cat_17,o128,1
cat_25,o65,1
cat_15,o242,1
cat_4,o335,2
cat_5,o726,1
cat_21,o283,2
cat_25,o81,2
cat_25,o230,1
cat_6,o15,51
cat_17,o125,1
cat_20,o643,1
cat_7,o301,5
cat_4,o76,3
cat_28,o592,2
cat_2,o112,2
cat_4,o913,1
cat_26,o891,1
cat_10,o442,3
cat_22,o179,1
cat_28,o324,1
cat_2,o113,1
cat_24,o35,4
cat_21,o156,1
cat_1,o544,2
cat_8,o3,82
cat_2,o800,1
cat_18,o96,3
cat_2,o224,1
cat_7,o185,1
cat_20,o123,1
cat_4,o306,1
cat_17,o263,1
cat_15,o169,10
cat_21,o138,1
cat_2,o88,2
cat_22,o196,1
cat_21,o668,1
cat_7,o135,2
cat_10,o3,9
cat_2,o86,3
cat_28,o551,1
cat_7,o420,3
cat_4,o311,1
cat_10,o64,3
cat_27,o185,1
cat_15,o97,1
cat_10,o786,1
cat_5,o678,1
cat_5,o158,1
cat_2,o16,8
cat_7,o84,3
cat_17,o447,1
cat_19,o825,1
cat_16,o790,1
cat_12,o829,1
cat_17,o368,1
cat_2,o793,1
cat_28,o183,1
cat_7,o115,2
cat_4,o80,16
cat_2,o634,1
cat_5,o615,1
cat_18,o369,1
cat_27,o406,1
cat_17,o167,1
cat_4,o196,1
cat_16,o85,1
cat_13,o202,2
cat_18,o421,1
cat_28,o88,2
cat_27,o84,1
cat_12,o465,1
cat_21,o754,1
cat_18,o103,3
cat_27,o174,1
cat_4,o675,1
cat_7,o32,2
cat_26,o292,2
cat_9,o55,1
cat_7,o249,1
cat_1,o767,1
cat_17,o42,3
cat_5,o62,1
cat_5,o75,2
cat_4,o512,1
cat_22,o568,1
cat_4,o384,1
